sleep_quality_bin,stress_bin,work_hours_bin,duration_bin,count,mean,majority_rate,minority_rate
"(4.0, 4.5]","(5.8, 6.2]","(9.7, 11.1]","(5.53, 5.96]",58,0.5,0.5,0.5
"(5.7, 6.2]","(3.7, 4.5]","(6.1, 7.4]","(6.78, 7.27]",59,0.4915254237288136,0.5084745762711864,0.4915254237288136
"(5.7, 6.2]","(3.7, 4.5]","(4.7, 6.1]","(6.36, 6.78]",51,0.5098039215686274,0.5098039215686274,0.4901960784313726
"(5.7, 6.2]","(3.7, 4.5]","(6.1, 7.4]","(6.36, 6.78]",61,0.5245901639344263,0.5245901639344263,0.47540983606557374
"(6.2, 6.8]","(3.7, 4.5]","(7.4, 8.5]","(6.78, 7.27]",55,0.4727272727272727,0.5272727272727273,0.47272727272727266
"(6.2, 6.8]","(4.5, 5.0]","(6.1, 7.4]","(6.78, 7.27]",56,0.5357142857142857,0.5357142857142857,0.4642857142857143
"(5.7, 6.2]","(5.0, 5.4]","(6.1, 7.4]","(6.36, 6.78]",52,0.46153846153846156,0.5384615384615384,0.46153846153846156
"(6.2, 6.8]","(3.7, 4.5]","(4.7, 6.1]","(6.36, 6.78]",50,0.54,0.54,0.45999999999999996
"(5.7, 6.2]","(3.7, 4.5]","(8.5, 9.7]","(6.36, 6.78]",50,0.54,0.54,0.45999999999999996
"(5.3, 5.7]","(3.7, 4.5]","(7.4, 8.5]","(6.36, 6.78]",51,0.45098039215686275,0.5490196078431373,0.4509803921568627
"(6.2, 6.8]","(3.7, 4.5]","(6.1, 7.4]","(6.36, 6.78]",51,0.5490196078431373,0.5490196078431373,0.4509803921568627
"(4.9, 5.3]","(0.999, 3.7]","(-0.001, 2.8]","(7.92, 10.5]",114,0.5526315789473685,0.5526315789473685,0.4473684210526315
"(5.3, 5.7]","(4.5, 5.0]","(4.7, 6.1]","(6.78, 7.27]",50,0.56,0.56,0.43999999999999995
"(5.3, 5.7]","(0.999, 3.7]","(-0.001, 2.8]","(6.36, 6.78]",50,0.56,0.56,0.43999999999999995
"(5.7, 6.2]","(4.5, 5.0]","(8.5, 9.7]","(6.36, 6.78]",51,0.43137254901960786,0.5686274509803921,0.43137254901960786
"(5.7, 6.2]","(5.4, 5.8]","(6.1, 7.4]","(6.78, 7.27]",58,0.5689655172413793,0.5689655172413793,0.43103448275862066
"(5.7, 6.2]","(0.999, 3.7]","(-0.001, 2.8]","(6.36, 6.78]",63,0.5714285714285714,0.5714285714285714,0.4285714285714286
"(5.7, 6.2]","(3.7, 4.5]","(2.8, 4.7]","(7.27, 7.92]",83,0.5783132530120482,0.5783132530120482,0.42168674698795183
"(5.7, 6.2]","(3.7, 4.5]","(2.8, 4.7]","(6.78, 7.27]",57,0.5789473684210527,0.5789473684210527,0.42105263157894735
"(6.2, 6.8]","(4.5, 5.0]","(2.8, 4.7]","(7.27, 7.92]",69,0.5797101449275363,0.5797101449275363,0.42028985507246375
"(6.2, 6.8]","(3.7, 4.5]","(2.8, 4.7]","(6.78, 7.27]",74,0.581081081081081,0.581081081081081,0.41891891891891897
"(4.5, 4.9]","(0.999, 3.7]","(-0.001, 2.8]","(7.92, 10.5]",55,0.5818181818181818,0.5818181818181818,0.4181818181818182
"(5.7, 6.2]","(4.5, 5.0]","(6.1, 7.4]","(7.27, 7.92]",60,0.5833333333333334,0.5833333333333334,0.41666666666666663
"(5.7, 6.2]","(4.5, 5.0]","(2.8, 4.7]","(6.78, 7.27]",57,0.5964912280701754,0.5964912280701754,0.4035087719298246
"(5.7, 6.2]","(5.0, 5.4]","(4.7, 6.1]","(6.78, 7.27]",60,0.6,0.6,0.4
"(6.2, 6.8]","(0.999, 3.7]","(2.8, 4.7]","(6.78, 7.27]",60,0.6,0.6,0.4
"(6.2, 6.8]","(5.0, 5.4]","(2.8, 4.7]","(7.27, 7.92]",50,0.6,0.6,0.4
"(4.0, 4.5]","(6.2, 6.6]","(8.5, 9.7]","(5.53, 5.96]",55,0.4,0.6,0.4
"(5.7, 6.2]","(4.5, 5.0]","(4.7, 6.1]","(6.78, 7.27]",58,0.603448275862069,0.603448275862069,0.39655172413793105
"(5.7, 6.2]","(5.0, 5.4]","(2.8, 4.7]","(6.78, 7.27]",53,0.6037735849056604,0.6037735849056604,0.39622641509433965
"(5.7, 6.2]","(3.7, 4.5]","(6.1, 7.4]","(7.92, 10.5]",53,0.6037735849056604,0.6037735849056604,0.39622641509433965
"(5.7, 6.2]","(4.5, 5.0]","(4.7, 6.1]","(7.27, 7.92]",71,0.6056338028169014,0.6056338028169014,0.3943661971830986
"(5.3, 5.7]","(3.7, 4.5]","(-0.001, 2.8]","(7.92, 10.5]",89,0.6067415730337079,0.6067415730337079,0.3932584269662921
"(5.7, 6.2]","(3.7, 4.5]","(-0.001, 2.8]","(6.78, 7.27]",57,0.6140350877192983,0.6140350877192983,0.38596491228070173
"(5.7, 6.2]","(3.7, 4.5]","(6.1, 7.4]","(7.27, 7.92]",65,0.6153846153846154,0.6153846153846154,0.3846153846153846
"(3.5, 4.0]","(6.6, 7.1]","(9.7, 11.1]","(5.53, 5.96]",50,0.38,0.62,0.38
"(3.5, 4.0]","(5.8, 6.2]","(9.7, 11.1]","(5.53, 5.96]",50,0.38,0.62,0.38
"(5.7, 6.2]","(3.7, 4.5]","(7.4, 8.5]","(7.27, 7.92]",50,0.62,0.62,0.38
"(4.0, 4.5]","(5.8, 6.2]","(7.4, 8.5]","(5.53, 5.96]",58,0.3793103448275862,0.6206896551724138,0.3793103448275862
"(5.7, 6.2]","(3.7, 4.5]","(4.7, 6.1]","(7.92, 10.5]",69,0.6231884057971014,0.6231884057971014,0.37681159420289856
"(5.3, 5.7]","(0.999, 3.7]","(-0.001, 2.8]","(7.92, 10.5]",192,0.625,0.625,0.375
"(6.2, 6.8]","(4.5, 5.0]","(7.4, 8.5]","(6.78, 7.27]",51,0.6274509803921569,0.6274509803921569,0.37254901960784315
"(5.7, 6.2]","(5.0, 5.4]","(6.1, 7.4]","(6.78, 7.27]",57,0.631578947368421,0.631578947368421,0.368421052631579
"(6.2, 6.8]","(3.7, 4.5]","(-0.001, 2.8]","(7.27, 7.92]",114,0.631578947368421,0.631578947368421,0.368421052631579
"(6.2, 6.8]","(3.7, 4.5]","(-0.001, 2.8]","(6.78, 7.27]",71,0.6338028169014085,0.6338028169014085,0.3661971830985915
"(5.7, 6.2]","(4.5, 5.0]","(4.7, 6.1]","(7.92, 10.5]",63,0.6349206349206349,0.6349206349206349,0.3650793650793651
"(4.9, 5.3]","(3.7, 4.5]","(-0.001, 2.8]","(7.92, 10.5]",69,0.6376811594202898,0.6376811594202898,0.3623188405797102
"(6.2, 6.8]","(3.7, 4.5]","(4.7, 6.1]","(7.92, 10.5]",72,0.6388888888888888,0.6388888888888888,0.36111111111111116
"(6.2, 6.8]","(3.7, 4.5]","(4.7, 6.1]","(6.78, 7.27]",81,0.6419753086419753,0.6419753086419753,0.3580246913580247
"(5.7, 6.2]","(3.7, 4.5]","(-0.001, 2.8]","(7.27, 7.92]",90,0.6444444444444445,0.6444444444444445,0.3555555555555555
"(5.7, 6.2]","(4.5, 5.0]","(2.8, 4.7]","(7.92, 10.5]",82,0.6463414634146342,0.6463414634146342,0.35365853658536583
"(5.7, 6.2]","(5.8, 6.2]","(6.1, 7.4]","(7.27, 7.92]",51,0.6470588235294118,0.6470588235294118,0.3529411764705882
"(5.3, 5.7]","(0.999, 3.7]","(-0.001, 2.8]","(7.27, 7.92]",74,0.6486486486486487,0.6486486486486487,0.3513513513513513
"(4.0, 4.5]","(6.6, 7.1]","(9.7, 11.1]","(5.53, 5.96]",57,0.3508771929824561,0.6491228070175439,0.3508771929824561
"(5.7, 6.2]","(0.999, 3.7]","(2.8, 4.7]","(7.92, 10.5]",106,0.6509433962264151,0.6509433962264151,0.34905660377358494
"(6.2, 6.8]","(0.999, 3.7]","(2.8, 4.7]","(7.27, 7.92]",121,0.6528925619834711,0.6528925619834711,0.3471074380165289
"(5.7, 6.2]","(3.7, 4.5]","(7.4, 8.5]","(6.78, 7.27]",52,0.6538461538461539,0.6538461538461539,0.34615384615384615
"(5.7, 6.2]","(3.7, 4.5]","(4.7, 6.1]","(7.27, 7.92]",78,0.6538461538461539,0.6538461538461539,0.34615384615384615
"(5.3, 5.7]","(4.5, 5.0]","(-0.001, 2.8]","(7.92, 10.5]",55,0.6545454545454545,0.6545454545454545,0.34545454545454546
"(6.2, 6.8]","(3.7, 4.5]","(6.1, 7.4]","(7.92, 10.5]",55,0.6545454545454545,0.6545454545454545,0.34545454545454546
"(6.2, 6.8]","(4.5, 5.0]","(7.4, 8.5]","(7.27, 7.92]",53,0.660377358490566,0.660377358490566,0.339622641509434
"(6.2, 6.8]","(0.999, 3.7]","(6.1, 7.4]","(7.27, 7.92]",53,0.660377358490566,0.660377358490566,0.339622641509434
"(3.5, 4.0]","(6.2, 6.6]","(9.7, 11.1]","(5.53, 5.96]",53,0.33962264150943394,0.6603773584905661,0.3396226415094339
"(5.3, 5.7]","(0.999, 3.7]","(-0.001, 2.8]","(6.78, 7.27]",59,0.6610169491525424,0.6610169491525424,0.3389830508474576
"(6.2, 6.8]","(3.7, 4.5]","(4.7, 6.1]","(7.27, 7.92]",123,0.6666666666666666,0.6666666666666666,0.33333333333333337
"(6.2, 6.8]","(4.5, 5.0]","(2.8, 4.7]","(6.78, 7.27]",60,0.6666666666666666,0.6666666666666666,0.33333333333333337
"(5.7, 6.2]","(3.7, 4.5]","(2.8, 4.7]","(7.92, 10.5]",78,0.6666666666666666,0.6666666666666666,0.33333333333333337
"(5.7, 6.2]","(4.5, 5.0]","(6.1, 7.4]","(6.78, 7.27]",69,0.6666666666666666,0.6666666666666666,0.33333333333333337
"(4.0, 4.5]","(5.0, 5.4]","(6.1, 7.4]","(5.53, 5.96]",51,0.3333333333333333,0.6666666666666667,0.33333333333333326
"(5.7, 6.2]","(3.7, 4.5]","(-0.001, 2.8]","(7.92, 10.5]",127,0.6692913385826772,0.6692913385826772,0.3307086614173228
"(6.2, 6.8]","(4.5, 5.0]","(4.7, 6.1]","(7.27, 7.92]",88,0.6704545454545454,0.6704545454545454,0.3295454545454546
"(6.2, 6.8]","(4.5, 5.0]","(-0.001, 2.8]","(7.92, 10.5]",79,0.6708860759493671,0.6708860759493671,0.3291139240506329
"(5.7, 6.2]","(3.7, 4.5]","(4.7, 6.1]","(6.78, 7.27]",61,0.6721311475409836,0.6721311475409836,0.3278688524590164
"(6.2, 6.8]","(5.0, 5.4]","(-0.001, 2.8]","(7.92, 10.5]",61,0.6721311475409836,0.6721311475409836,0.3278688524590164
"(5.7, 6.2]","(4.5, 5.0]","(6.1, 7.4]","(7.92, 10.5]",52,0.6730769230769231,0.6730769230769231,0.32692307692307687
"(4.0, 4.5]","(5.4, 5.8]","(8.5, 9.7]","(5.53, 5.96]",65,0.3230769230769231,0.676923076923077,0.32307692307692304
"(6.2, 6.8]","(3.7, 4.5]","(2.8, 4.7]","(7.27, 7.92]",112,0.6785714285714286,0.6785714285714286,0.3214285714285714
"(5.7, 6.2]","(4.5, 5.0]","(2.8, 4.7]","(7.27, 7.92]",56,0.6785714285714286,0.6785714285714286,0.3214285714285714
"(6.2, 6.8]","(4.5, 5.0]","(2.8, 4.7]","(7.92, 10.5]",81,0.6790123456790124,0.6790123456790124,0.32098765432098764
"(3.5, 4.0]","(5.8, 6.2]","(11.1, 18.0]","(5.53, 5.96]",50,0.32,0.6799999999999999,0.32000000000000006
"(4.5, 4.9]","(5.8, 6.2]","(9.7, 11.1]","(5.53, 5.96]",50,0.32,0.6799999999999999,0.32000000000000006
"(4.0, 4.5]","(5.0, 5.4]","(8.5, 9.7]","(5.53, 5.96]",50,0.32,0.6799999999999999,0.32000000000000006
"(5.3, 5.7]","(3.7, 4.5]","(2.8, 4.7]","(7.92, 10.5]",57,0.6842105263157895,0.6842105263157895,0.3157894736842105
"(6.2, 6.8]","(3.7, 4.5]","(-0.001, 2.8]","(7.92, 10.5]",165,0.6848484848484848,0.6848484848484848,0.3151515151515152
"(4.0, 4.5]","(5.8, 6.2]","(11.1, 18.0]","(5.53, 5.96]",54,0.3148148148148148,0.6851851851851851,0.3148148148148149
"(4.0, 4.5]","(6.2, 6.6]","(9.7, 11.1]","(5.53, 5.96]",51,0.3137254901960784,0.6862745098039216,0.3137254901960784
"(3.5, 4.0]","(6.2, 6.6]","(11.1, 18.0]","(5.53, 5.96]",67,0.31343283582089554,0.6865671641791045,0.31343283582089554
"(6.2, 6.8]","(3.7, 4.5]","(6.1, 7.4]","(6.78, 7.27]",74,0.6891891891891891,0.6891891891891891,0.31081081081081086
"(5.7, 6.2]","(0.999, 3.7]","(-0.001, 2.8]","(7.92, 10.5]",407,0.6904176904176904,0.6904176904176904,0.3095823095823096
"(6.2, 6.8]","(3.7, 4.5]","(7.4, 8.5]","(7.27, 7.92]",65,0.6923076923076923,0.6923076923076923,0.3076923076923077
"(5.7, 6.2]","(0.999, 3.7]","(-0.001, 2.8]","(7.27, 7.92]",163,0.6932515337423313,0.6932515337423313,0.3067484662576687
"(6.2, 6.8]","(0.999, 3.7]","(-0.001, 2.8]","(6.36, 6.78]",62,0.6935483870967742,0.6935483870967742,0.30645161290322576
"(6.2, 6.8]","(4.5, 5.0]","(-0.001, 2.8]","(7.27, 7.92]",72,0.6944444444444444,0.6944444444444444,0.3055555555555556
"(6.2, 6.8]","(4.5, 5.0]","(6.1, 7.4]","(7.27, 7.92]",86,0.6976744186046512,0.6976744186046512,0.3023255813953488
"(5.7, 6.2]","(0.999, 3.7]","(-0.001, 2.8]","(6.78, 7.27]",94,0.7021276595744681,0.7021276595744681,0.2978723404255319
"(4.0, 4.5]","(6.2, 6.6]","(11.1, 18.0]","(5.53, 5.96]",54,0.2962962962962963,0.7037037037037037,0.2962962962962963
"(3.5, 4.0]","(6.6, 7.1]","(8.5, 9.7]","(5.53, 5.96]",59,0.288135593220339,0.711864406779661,0.288135593220339
"(6.2, 6.8]","(4.5, 5.0]","(6.1, 7.4]","(7.92, 10.5]",56,0.7142857142857143,0.7142857142857143,0.2857142857142857
"(5.7, 6.2]","(4.5, 5.0]","(-0.001, 2.8]","(7.92, 10.5]",91,0.7142857142857143,0.7142857142857143,0.2857142857142857
"(6.2, 6.8]","(3.7, 4.5]","(6.1, 7.4]","(7.27, 7.92]",95,0.7157894736842105,0.7157894736842105,0.28421052631578947
"(6.2, 6.8]","(0.999, 3.7]","(-0.001, 2.8]","(6.78, 7.27]",152,0.7236842105263158,0.7236842105263158,0.2763157894736842
"(6.2, 6.8]","(5.0, 5.4]","(6.1, 7.4]","(7.27, 7.92]",58,0.7241379310344828,0.7241379310344828,0.27586206896551724
"(6.2, 6.8]","(0.999, 3.7]","(4.7, 6.1]","(7.27, 7.92]",66,0.7272727272727273,0.7272727272727273,0.2727272727272727
"(6.2, 6.8]","(0.999, 3.7]","(-0.001, 2.8]","(7.92, 10.5]",684,0.72953216374269,0.72953216374269,0.27046783625730997
"(6.8, 10.0]","(0.999, 3.7]","(-0.001, 2.8]","(6.36, 6.78]",67,0.7313432835820896,0.7313432835820896,0.26865671641791045
"(2.9, 3.5]","(6.6, 7.1]","(11.1, 18.0]","(5.53, 5.96]",67,0.26865671641791045,0.7313432835820896,0.26865671641791045
"(6.2, 6.8]","(3.7, 4.5]","(2.8, 4.7]","(7.92, 10.5]",99,0.7373737373737373,0.7373737373737373,0.26262626262626265
"(6.2, 6.8]","(0.999, 3.7]","(2.8, 4.7]","(7.92, 10.5]",145,0.7379310344827587,0.7379310344827587,0.26206896551724135
"(6.2, 6.8]","(0.999, 3.7]","(-0.001, 2.8]","(7.27, 7.92]",306,0.738562091503268,0.738562091503268,0.261437908496732
"(3.5, 4.0]","(6.2, 6.6]","(8.5, 9.7]","(5.53, 5.96]",55,0.2545454545454545,0.7454545454545455,0.2545454545454545
"(5.7, 6.2]","(0.999, 3.7]","(2.8, 4.7]","(7.27, 7.92]",52,0.75,0.75,0.25
"(6.8, 10.0]","(4.5, 5.0]","(2.8, 4.7]","(7.27, 7.92]",69,0.7536231884057971,0.7536231884057971,0.24637681159420288
"(6.8, 10.0]","(4.5, 5.0]","(6.1, 7.4]","(7.27, 7.92]",62,0.7580645161290323,0.7580645161290323,0.24193548387096775
"(3.5, 4.0]","(6.6, 7.1]","(11.1, 18.0]","(5.53, 5.96]",91,0.24175824175824176,0.7582417582417582,0.2417582417582418
"(3.5, 4.0]","(5.4, 5.8]","(4.7, 6.1]","(5.53, 5.96]",50,0.24,0.76,0.24
"(6.8, 10.0]","(3.7, 4.5]","(4.7, 6.1]","(6.78, 7.27]",63,0.7619047619047619,0.7619047619047619,0.23809523809523814
"(4.0, 4.5]","(6.6, 7.1]","(11.1, 18.0]","(5.53, 5.96]",63,0.23809523809523808,0.7619047619047619,0.23809523809523814
"(3.5, 4.0]","(7.1, 7.7]","(11.1, 18.0]","(5.53, 5.96]",59,0.23728813559322035,0.7627118644067796,0.23728813559322037
"(6.8, 10.0]","(0.999, 3.7]","(4.7, 6.1]","(6.78, 7.27]",56,0.7678571428571429,0.7678571428571429,0.2321428571428571
"(6.8, 10.0]","(4.5, 5.0]","(6.1, 7.4]","(6.78, 7.27]",61,0.7704918032786885,0.7704918032786885,0.2295081967213115
"(6.2, 6.8]","(4.5, 5.0]","(4.7, 6.1]","(6.78, 7.27]",53,0.7735849056603774,0.7735849056603774,0.2264150943396226
"(6.2, 6.8]","(4.5, 5.0]","(4.7, 6.1]","(7.92, 10.5]",71,0.7746478873239436,0.7746478873239436,0.22535211267605637
"(6.8, 10.0]","(3.7, 4.5]","(6.1, 7.4]","(7.92, 10.5]",84,0.7857142857142857,0.7857142857142857,0.2142857142857143
"(6.8, 10.0]","(3.7, 4.5]","(6.1, 7.4]","(6.78, 7.27]",71,0.7887323943661971,0.7887323943661971,0.21126760563380287
"(6.8, 10.0]","(3.7, 4.5]","(7.4, 8.5]","(7.27, 7.92]",69,0.7971014492753623,0.7971014492753623,0.2028985507246377
"(6.8, 10.0]","(0.999, 3.7]","(6.1, 7.4]","(7.27, 7.92]",90,0.8,0.8,0.19999999999999996
"(6.8, 10.0]","(3.7, 4.5]","(7.4, 8.5]","(7.92, 10.5]",55,0.8,0.8,0.19999999999999996
"(6.8, 10.0]","(4.5, 5.0]","(2.8, 4.7]","(6.78, 7.27]",51,0.803921568627451,0.803921568627451,0.196078431372549
"(4.0, 4.5]","(5.8, 6.2]","(9.7, 11.1]","(4.98, 5.53]",57,0.19298245614035087,0.8070175438596492,0.1929824561403508
"(3.5, 4.0]","(6.2, 6.6]","(9.7, 11.1]","(4.98, 5.53]",53,0.18867924528301888,0.8113207547169812,0.18867924528301883
"(6.8, 10.0]","(4.5, 5.0]","(7.4, 8.5]","(6.78, 7.27]",53,0.8113207547169812,0.8113207547169812,0.18867924528301883
"(6.8, 10.0]","(3.7, 4.5]","(6.1, 7.4]","(7.27, 7.92]",120,0.8166666666666667,0.8166666666666667,0.18333333333333335
"(6.8, 10.0]","(4.5, 5.0]","(-0.001, 2.8]","(7.92, 10.5]",77,0.8181818181818182,0.8181818181818182,0.18181818181818177
"(6.8, 10.0]","(3.7, 4.5]","(-0.001, 2.8]","(6.78, 7.27]",61,0.819672131147541,0.819672131147541,0.180327868852459
"(3.5, 4.0]","(5.8, 6.2]","(8.5, 9.7]","(4.98, 5.53]",50,0.18,0.8200000000000001,0.17999999999999994
"(6.8, 10.0]","(3.7, 4.5]","(4.7, 6.1]","(7.27, 7.92]",127,0.8267716535433071,0.8267716535433071,0.17322834645669294
"(3.5, 4.0]","(7.1, 7.7]","(9.7, 11.1]","(5.53, 5.96]",58,0.1724137931034483,0.8275862068965517,0.1724137931034483
"(6.8, 10.0]","(3.7, 4.5]","(4.7, 6.1]","(7.92, 10.5]",101,0.8316831683168316,0.8316831683168316,0.16831683168316836
"(6.8, 10.0]","(4.5, 5.0]","(4.7, 6.1]","(7.92, 10.5]",72,0.8333333333333334,0.8333333333333334,0.16666666666666663
"(2.9, 3.5]","(7.7, 10.0]","(11.1, 18.0]","(5.53, 5.96]",96,0.16666666666666666,0.8333333333333334,0.16666666666666663
"(6.8, 10.0]","(3.7, 4.5]","(2.8, 4.7]","(7.92, 10.5]",174,0.8333333333333334,0.8333333333333334,0.16666666666666663
"(6.2, 6.8]","(5.0, 5.4]","(4.7, 6.1]","(7.27, 7.92]",69,0.8405797101449275,0.8405797101449275,0.1594202898550725
"(6.8, 10.0]","(0.999, 3.7]","(2.8, 4.7]","(6.78, 7.27]",107,0.8411214953271028,0.8411214953271028,0.15887850467289721
"(6.8, 10.0]","(3.7, 4.5]","(2.8, 4.7]","(6.78, 7.27]",63,0.8412698412698413,0.8412698412698413,0.15873015873015872
"(6.8, 10.0]","(4.5, 5.0]","(4.7, 6.1]","(7.27, 7.92]",82,0.8414634146341463,0.8414634146341463,0.1585365853658537
"(3.5, 4.0]","(7.7, 10.0]","(11.1, 18.0]","(5.53, 5.96]",76,0.15789473684210525,0.8421052631578947,0.1578947368421053
"(2.9, 3.5]","(7.1, 7.7]","(11.1, 18.0]","(5.53, 5.96]",83,0.1566265060240964,0.8433734939759037,0.15662650602409633
"(4.0, 4.5]","(6.2, 6.6]","(11.1, 18.0]","(4.98, 5.53]",54,0.14814814814814814,0.8518518518518519,0.14814814814814814
"(3.5, 4.0]","(6.6, 7.1]","(9.7, 11.1]","(4.98, 5.53]",61,0.14754098360655737,0.8524590163934427,0.14754098360655732
"(6.8, 10.0]","(3.7, 4.5]","(2.8, 4.7]","(7.27, 7.92]",150,0.8533333333333334,0.8533333333333334,0.1466666666666666
"(6.8, 10.0]","(0.999, 3.7]","(4.7, 6.1]","(7.27, 7.92]",123,0.8536585365853658,0.8536585365853658,0.14634146341463417
"(6.8, 10.0]","(3.7, 4.5]","(-0.001, 2.8]","(7.92, 10.5]",195,0.8564102564102564,0.8564102564102564,0.14358974358974363
"(4.0, 4.5]","(7.1, 7.7]","(11.1, 18.0]","(5.53, 5.96]",57,0.14035087719298245,0.8596491228070176,0.14035087719298245
"(3.5, 4.0]","(5.8, 6.2]","(7.4, 8.5]","(4.98, 5.53]",50,0.14,0.86,0.14
"(6.8, 10.0]","(0.999, 3.7]","(4.7, 6.1]","(7.92, 10.5]",130,0.8615384615384616,0.8615384615384616,0.1384615384615384
"(4.5, 4.9]","(6.2, 6.6]","(11.1, 18.0]","(4.98, 5.53]",53,0.1320754716981132,0.8679245283018868,0.13207547169811318
"(6.8, 10.0]","(4.5, 5.0]","(-0.001, 2.8]","(7.27, 7.92]",61,0.8688524590163934,0.8688524590163934,0.1311475409836066
"(6.2, 6.8]","(0.999, 3.7]","(4.7, 6.1]","(7.92, 10.5]",62,0.8709677419354839,0.8709677419354839,0.12903225806451613
"(6.8, 10.0]","(4.5, 5.0]","(4.7, 6.1]","(6.78, 7.27]",55,0.8727272727272727,0.8727272727272727,0.12727272727272732
"(6.8, 10.0]","(0.999, 3.7]","(2.8, 4.7]","(7.92, 10.5]",362,0.8729281767955801,0.8729281767955801,0.1270718232044199
"(6.8, 10.0]","(3.7, 4.5]","(-0.001, 2.8]","(7.27, 7.92]",136,0.875,0.875,0.125
"(6.8, 10.0]","(0.999, 3.7]","(2.8, 4.7]","(7.27, 7.92]",313,0.8753993610223643,0.8753993610223643,0.12460063897763574
"(6.8, 10.0]","(0.999, 3.7]","(-0.001, 2.8]","(6.78, 7.27]",306,0.8758169934640523,0.8758169934640523,0.12418300653594772
"(3.5, 4.0]","(6.6, 7.1]","(11.1, 18.0]","(4.98, 5.53]",82,0.12195121951219512,0.8780487804878049,0.12195121951219512
"(6.8, 10.0]","(4.5, 5.0]","(2.8, 4.7]","(7.92, 10.5]",91,0.8791208791208791,0.8791208791208791,0.1208791208791209
"(3.5, 4.0]","(6.2, 6.6]","(8.5, 9.7]","(4.98, 5.53]",51,0.11764705882352941,0.8823529411764706,0.11764705882352944
"(2.9, 3.5]","(6.6, 7.1]","(8.5, 9.7]","(5.53, 5.96]",53,0.11320754716981132,0.8867924528301887,0.1132075471698113
"(6.8, 10.0]","(4.5, 5.0]","(7.4, 8.5]","(7.27, 7.92]",54,0.8888888888888888,0.8888888888888888,0.11111111111111116
"(6.8, 10.0]","(0.999, 3.7]","(-0.001, 2.8]","(7.92, 10.5]",1731,0.8913922588099364,0.8913922588099364,0.10860774119006356
"(3.5, 4.0]","(6.2, 6.6]","(11.1, 18.0]","(4.98, 5.53]",67,0.1044776119402985,0.8955223880597015,0.10447761194029848
"(6.8, 10.0]","(0.999, 3.7]","(-0.001, 2.8]","(7.27, 7.92]",738,0.8956639566395664,0.8956639566395664,0.10433604336043356
"(6.8, 10.0]","(0.999, 3.7]","(7.4, 8.5]","(7.27, 7.92]",58,0.896551724137931,0.896551724137931,0.10344827586206895
"(0.999, 2.9]","(6.6, 7.1]","(9.7, 11.1]","(5.53, 5.96]",60,0.1,0.9,0.09999999999999998
"(4.0, 4.5]","(6.6, 7.1]","(8.5, 9.7]","(4.98, 5.53]",51,0.09803921568627451,0.9019607843137255,0.0980392156862745
"(4.0, 4.5]","(6.2, 6.6]","(9.7, 11.1]","(4.98, 5.53]",52,0.09615384615384616,0.9038461538461539,0.09615384615384615
"(4.0, 4.5]","(6.6, 7.1]","(9.7, 11.1]","(4.98, 5.53]",52,0.09615384615384616,0.9038461538461539,0.09615384615384615
"(4.0, 4.5]","(7.7, 10.0]","(11.1, 18.0]","(5.96, 6.36]",52,0.09615384615384616,0.9038461538461539,0.09615384615384615
"(4.0, 4.5]","(6.6, 7.1]","(11.1, 18.0]","(4.98, 5.53]",52,0.09615384615384616,0.9038461538461539,0.09615384615384615
"(4.0, 4.5]","(7.7, 10.0]","(11.1, 18.0]","(2.999, 4.98]",84,0.09523809523809523,0.9047619047619048,0.09523809523809523
"(4.0, 4.5]","(5.8, 6.2]","(11.1, 18.0]","(4.98, 5.53]",53,0.09433962264150944,0.9056603773584906,0.09433962264150941
"(2.9, 3.5]","(7.1, 7.7]","(9.7, 11.1]","(5.53, 5.96]",64,0.09375,0.90625,0.09375
"(4.0, 4.5]","(6.6, 7.1]","(11.1, 18.0]","(2.999, 4.98]",64,0.09375,0.90625,0.09375
"(3.5, 4.0]","(5.4, 5.8]","(9.7, 11.1]","(4.98, 5.53]",56,0.08928571428571429,0.9107142857142857,0.0892857142857143
"(6.8, 10.0]","(0.999, 3.7]","(6.1, 7.4]","(7.92, 10.5]",70,0.9142857142857143,0.9142857142857143,0.08571428571428574
"(3.5, 4.0]","(6.6, 7.1]","(11.1, 18.0]","(2.999, 4.98]",83,0.08433734939759036,0.9156626506024097,0.0843373493975903
"(2.9, 3.5]","(6.2, 6.6]","(8.5, 9.7]","(4.98, 5.53]",61,0.08196721311475409,0.9180327868852459,0.08196721311475408
"(6.8, 10.0]","(3.7, 4.5]","(8.5, 9.7]","(7.27, 7.92]",51,0.9215686274509803,0.9215686274509803,0.07843137254901966
"(3.5, 4.0]","(5.8, 6.2]","(9.7, 11.1]","(4.98, 5.53]",52,0.07692307692307693,0.9230769230769231,0.07692307692307687
"(3.5, 4.0]","(5.8, 6.2]","(11.1, 18.0]","(4.98, 5.53]",66,0.07575757575757576,0.9242424242424242,0.0757575757575758
"(2.9, 3.5]","(6.6, 7.1]","(9.7, 11.1]","(4.98, 5.53]",67,0.07462686567164178,0.9253731343283582,0.07462686567164178
"(3.5, 4.0]","(7.1, 7.7]","(9.7, 11.1]","(4.98, 5.53]",71,0.07042253521126761,0.9295774647887324,0.07042253521126762
"(2.9, 3.5]","(7.1, 7.7]","(11.1, 18.0]","(4.98, 5.53]",117,0.06837606837606838,0.9316239316239316,0.06837606837606836
"(0.999, 2.9]","(7.7, 10.0]","(4.7, 6.1]","(4.98, 5.53]",59,0.06779661016949153,0.9322033898305084,0.06779661016949157
"(0.999, 2.9]","(6.6, 7.1]","(8.5, 9.7]","(2.999, 4.98]",106,0.0660377358490566,0.9339622641509434,0.06603773584905659
"(2.9, 3.5]","(6.2, 6.6]","(9.7, 11.1]","(4.98, 5.53]",62,0.06451612903225806,0.935483870967742,0.06451612903225801
"(0.999, 2.9]","(7.7, 10.0]","(6.1, 7.4]","(5.53, 5.96]",53,0.05660377358490566,0.9433962264150944,0.05660377358490565
"(3.5, 4.0]","(7.7, 10.0]","(11.1, 18.0]","(5.96, 6.36]",54,0.05555555555555555,0.9444444444444444,0.05555555555555558
"(0.999, 2.9]","(6.6, 7.1]","(7.4, 8.5]","(5.53, 5.96]",54,0.05555555555555555,0.9444444444444444,0.05555555555555558
"(0.999, 2.9]","(6.6, 7.1]","(8.5, 9.7]","(5.53, 5.96]",55,0.05454545454545454,0.9454545454545454,0.054545454545454564
"(0.999, 2.9]","(7.1, 7.7]","(8.5, 9.7]","(5.53, 5.96]",57,0.05263157894736842,0.9473684210526316,0.05263157894736836
"(0.999, 2.9]","(6.6, 7.1]","(8.5, 9.7]","(4.98, 5.53]",76,0.05263157894736842,0.9473684210526316,0.05263157894736836
"(2.9, 3.5]","(7.7, 10.0]","(9.7, 11.1]","(5.53, 5.96]",77,0.05194805194805195,0.948051948051948,0.051948051948051965
"(0.999, 2.9]","(7.7, 10.0]","(11.1, 18.0]","(5.53, 5.96]",177,0.05084745762711865,0.9491525423728814,0.05084745762711862
"(2.9, 3.5]","(6.6, 7.1]","(11.1, 18.0]","(4.98, 5.53]",79,0.05063291139240506,0.9493670886075949,0.05063291139240511
"(4.0, 4.5]","(7.7, 10.0]","(11.1, 18.0]","(4.98, 5.53]",60,0.05,0.95,0.050000000000000044
"(4.0, 4.5]","(7.1, 7.7]","(9.7, 11.1]","(4.98, 5.53]",61,0.04918032786885246,0.9508196721311475,0.049180327868852514
"(3.5, 4.0]","(7.1, 7.7]","(9.7, 11.1]","(2.999, 4.98]",83,0.04819277108433735,0.9518072289156626,0.048192771084337394
"(3.5, 4.0]","(7.1, 7.7]","(11.1, 18.0]","(2.999, 4.98]",150,0.04666666666666667,0.9533333333333334,0.046666666666666634
"(0.999, 2.9]","(6.6, 7.1]","(9.7, 11.1]","(2.999, 4.98]",109,0.045871559633027525,0.9541284403669725,0.04587155963302747
"(2.9, 3.5]","(7.7, 10.0]","(8.5, 9.7]","(2.999, 4.98]",90,0.044444444444444446,0.9555555555555556,0.0444444444444444
"(3.5, 4.0]","(7.7, 10.0]","(9.7, 11.1]","(4.98, 5.53]",69,0.043478260869565216,0.9565217391304348,0.04347826086956519
"(2.9, 3.5]","(7.7, 10.0]","(8.5, 9.7]","(4.98, 5.53]",72,0.041666666666666664,0.9583333333333334,0.04166666666666663
"(0.999, 2.9]","(7.1, 7.7]","(11.1, 18.0]","(2.999, 4.98]",291,0.041237113402061855,0.9587628865979382,0.04123711340206182
"(2.9, 3.5]","(5.8, 6.2]","(9.7, 11.1]","(4.98, 5.53]",50,0.04,0.96,0.040000000000000036
"(0.999, 2.9]","(7.1, 7.7]","(6.1, 7.4]","(2.999, 4.98]",100,0.04,0.96,0.040000000000000036
"(0.999, 2.9]","(6.6, 7.1]","(11.1, 18.0]","(5.53, 5.96]",76,0.039473684210526314,0.9605263157894737,0.03947368421052633
"(2.9, 3.5]","(7.1, 7.7]","(6.1, 7.4]","(2.999, 4.98]",53,0.03773584905660377,0.9622641509433962,0.037735849056603765
"(0.999, 2.9]","(6.6, 7.1]","(2.8, 4.7]","(4.98, 5.53]",54,0.037037037037037035,0.962962962962963,0.03703703703703698
"(4.0, 4.5]","(7.1, 7.7]","(11.1, 18.0]","(4.98, 5.53]",90,0.03333333333333333,0.9666666666666667,0.033333333333333326
"(0.999, 2.9]","(7.7, 10.0]","(8.5, 9.7]","(4.98, 5.53]",155,0.03225806451612903,0.967741935483871,0.032258064516129004
"(2.9, 3.5]","(6.2, 6.6]","(11.1, 18.0]","(2.999, 4.98]",63,0.031746031746031744,0.9682539682539683,0.031746031746031744
"(2.9, 3.5]","(7.1, 7.7]","(11.1, 18.0]","(2.999, 4.98]",162,0.030864197530864196,0.9691358024691358,0.030864197530864224
"(0.999, 2.9]","(6.6, 7.1]","(9.7, 11.1]","(4.98, 5.53]",66,0.030303030303030304,0.9696969696969697,0.030303030303030276
"(2.9, 3.5]","(7.7, 10.0]","(11.1, 18.0]","(4.98, 5.53]",167,0.029940119760479042,0.9700598802395209,0.029940119760479056
"(3.5, 4.0]","(6.6, 7.1]","(9.7, 11.1]","(2.999, 4.98]",68,0.029411764705882353,0.9705882352941176,0.02941176470588236
"(2.9, 3.5]","(6.6, 7.1]","(8.5, 9.7]","(2.999, 4.98]",69,0.028985507246376812,0.9710144927536232,0.02898550724637683
"(0.999, 2.9]","(7.7, 10.0]","(7.4, 8.5]","(2.999, 4.98]",207,0.028985507246376812,0.9710144927536232,0.02898550724637683
"(0.999, 2.9]","(6.6, 7.1]","(7.4, 8.5]","(4.98, 5.53]",69,0.028985507246376812,0.9710144927536232,0.02898550724637683
"(0.999, 2.9]","(7.1, 7.7]","(8.5, 9.7]","(2.999, 4.98]",174,0.028735632183908046,0.9712643678160919,0.028735632183908066
"(0.999, 2.9]","(7.1, 7.7]","(7.4, 8.5]","(4.98, 5.53]",71,0.028169014084507043,0.971830985915493,0.028169014084507005
"(0.999, 2.9]","(6.6, 7.1]","(6.1, 7.4]","(2.999, 4.98]",73,0.0273972602739726,0.9726027397260274,0.0273972602739726
"(2.9, 3.5]","(7.1, 7.7]","(7.4, 8.5]","(2.999, 4.98]",74,0.02702702702702703,0.972972972972973,0.027027027027026973
"(3.5, 4.0]","(7.7, 10.0]","(11.1, 18.0]","(4.98, 5.53]",112,0.026785714285714284,0.9732142857142857,0.0267857142857143
"(2.9, 3.5]","(6.6, 7.1]","(9.7, 11.1]","(2.999, 4.98]",75,0.02666666666666667,0.9733333333333334,0.026666666666666616
"(0.999, 2.9]","(7.7, 10.0]","(8.5, 9.7]","(2.999, 4.98]",305,0.02622950819672131,0.9737704918032787,0.02622950819672132
"(0.999, 2.9]","(7.7, 10.0]","(11.1, 18.0]","(4.98, 5.53]",351,0.022792022792022793,0.9772079772079773,0.022792022792022748
"(0.999, 2.9]","(6.6, 7.1]","(11.1, 18.0]","(4.98, 5.53]",89,0.02247191011235955,0.9775280898876404,0.022471910112359605
"(3.5, 4.0]","(7.7, 10.0]","(9.7, 11.1]","(2.999, 4.98]",90,0.022222222222222223,0.9777777777777777,0.022222222222222254
"(0.999, 2.9]","(7.1, 7.7]","(11.1, 18.0]","(4.98, 5.53]",137,0.021897810218978103,0.9781021897810219,0.021897810218978075
"(2.9, 3.5]","(7.1, 7.7]","(8.5, 9.7]","(2.999, 4.98]",92,0.021739130434782608,0.9782608695652174,0.021739130434782594
"(0.999, 2.9]","(7.1, 7.7]","(2.8, 4.7]","(2.999, 4.98]",92,0.021739130434782608,0.9782608695652174,0.021739130434782594
"(2.9, 3.5]","(6.6, 7.1]","(11.1, 18.0]","(2.999, 4.98]",93,0.021505376344086023,0.978494623655914,0.021505376344086002
"(0.999, 2.9]","(7.1, 7.7]","(7.4, 8.5]","(2.999, 4.98]",140,0.02142857142857143,0.9785714285714285,0.021428571428571463
"(2.9, 3.5]","(7.7, 10.0]","(9.7, 11.1]","(4.98, 5.53]",94,0.02127659574468085,0.9787234042553191,0.021276595744680882
"(0.999, 2.9]","(7.7, 10.0]","(6.1, 7.4]","(2.999, 4.98]",145,0.020689655172413793,0.9793103448275862,0.020689655172413834
"(3.5, 4.0]","(7.1, 7.7]","(11.1, 18.0]","(4.98, 5.53]",97,0.020618556701030927,0.979381443298969,0.020618556701030966
"(0.999, 2.9]","(7.7, 10.0]","(11.1, 18.0]","(5.96, 6.36]",50,0.02,0.98,0.020000000000000018
"(2.9, 3.5]","(7.7, 10.0]","(11.1, 18.0]","(2.999, 4.98]",253,0.019762845849802372,0.9802371541501976,0.01976284584980237
"(4.0, 4.5]","(7.1, 7.7]","(11.1, 18.0]","(2.999, 4.98]",102,0.0196078431372549,0.9803921568627451,0.019607843137254943
"(0.999, 2.9]","(7.1, 7.7]","(11.1, 18.0]","(5.53, 5.96]",102,0.0196078431372549,0.9803921568627451,0.019607843137254943
"(0.999, 2.9]","(7.1, 7.7]","(7.4, 8.5]","(5.53, 5.96]",51,0.0196078431372549,0.9803921568627451,0.019607843137254943
"(0.999, 2.9]","(6.2, 6.6]","(11.1, 18.0]","(2.999, 4.98]",52,0.019230769230769232,0.9807692307692307,0.019230769230769273
"(4.0, 4.5]","(7.1, 7.7]","(8.5, 9.7]","(2.999, 4.98]",53,0.018867924528301886,0.9811320754716981,0.018867924528301883
"(0.999, 2.9]","(6.6, 7.1]","(2.8, 4.7]","(2.999, 4.98]",53,0.018867924528301886,0.9811320754716981,0.018867924528301883
"(0.999, 2.9]","(7.7, 10.0]","(8.5, 9.7]","(5.53, 5.96]",107,0.018691588785046728,0.9813084112149533,0.01869158878504673
"(0.999, 2.9]","(7.7, 10.0]","(9.7, 11.1]","(2.999, 4.98]",431,0.018561484918793503,0.9814385150812065,0.018561484918793503
"(0.999, 2.9]","(6.6, 7.1]","(6.1, 7.4]","(5.53, 5.96]",54,0.018518518518518517,0.9814814814814815,0.01851851851851849
"(0.999, 2.9]","(6.2, 6.6]","(8.5, 9.7]","(2.999, 4.98]",56,0.017857142857142856,0.9821428571428571,0.017857142857142905
"(0.999, 2.9]","(6.6, 7.1]","(4.7, 6.1]","(2.999, 4.98]",56,0.017857142857142856,0.9821428571428571,0.017857142857142905
"(0.999, 2.9]","(7.7, 10.0]","(9.7, 11.1]","(5.53, 5.96]",113,0.017699115044247787,0.9823008849557522,0.017699115044247815
"(2.9, 3.5]","(7.1, 7.7]","(8.5, 9.7]","(4.98, 5.53]",59,0.01694915254237288,0.9830508474576272,0.016949152542372836
"(3.5, 4.0]","(7.1, 7.7]","(8.5, 9.7]","(4.98, 5.53]",60,0.016666666666666666,0.9833333333333333,0.01666666666666672
"(0.999, 2.9]","(7.7, 10.0]","(11.1, 18.0]","(2.999, 4.98]",670,0.016417910447761194,0.9835820895522388,0.016417910447761197
"(0.999, 2.9]","(7.1, 7.7]","(9.7, 11.1]","(2.999, 4.98]",183,0.01639344262295082,0.9836065573770492,0.016393442622950838
"(3.5, 4.0]","(7.7, 10.0]","(8.5, 9.7]","(2.999, 4.98]",61,0.01639344262295082,0.9836065573770492,0.016393442622950838
"(4.0, 4.5]","(7.1, 7.7]","(9.7, 11.1]","(2.999, 4.98]",67,0.014925373134328358,0.9850746268656716,0.014925373134328401
"(2.9, 3.5]","(7.1, 7.7]","(9.7, 11.1]","(2.999, 4.98]",139,0.014388489208633094,0.9856115107913669,0.014388489208633115
"(2.9, 3.5]","(7.7, 10.0]","(9.7, 11.1]","(2.999, 4.98]",140,0.014285714285714285,0.9857142857142858,0.014285714285714235
"(3.5, 4.0]","(7.1, 7.7]","(8.5, 9.7]","(2.999, 4.98]",74,0.013513513513513514,0.9864864864864865,0.013513513513513487
"(0.999, 2.9]","(7.7, 10.0]","(2.8, 4.7]","(2.999, 4.98]",80,0.0125,0.9875,0.012499999999999956
"(0.999, 2.9]","(7.1, 7.7]","(4.7, 6.1]","(2.999, 4.98]",81,0.012345679012345678,0.9876543209876543,0.012345679012345734
"(0.999, 2.9]","(7.7, 10.0]","(7.4, 8.5]","(5.53, 5.96]",83,0.012048192771084338,0.9879518072289156,0.012048192771084376
"(2.9, 3.5]","(7.1, 7.7]","(9.7, 11.1]","(4.98, 5.53]",92,0.010869565217391304,0.9891304347826086,0.010869565217391353
"(0.999, 2.9]","(7.7, 10.0]","(4.7, 6.1]","(2.999, 4.98]",95,0.010526315789473684,0.9894736842105263,0.010526315789473717
"(0.999, 2.9]","(7.7, 10.0]","(7.4, 8.5]","(4.98, 5.53]",105,0.009523809523809525,0.9904761904761905,0.00952380952380949
"(3.5, 4.0]","(7.7, 10.0]","(11.1, 18.0]","(2.999, 4.98]",153,0.006535947712418301,0.9934640522875817,0.006535947712418277
"(0.999, 2.9]","(7.7, 10.0]","(9.7, 11.1]","(4.98, 5.53]",181,0.0055248618784530384,0.994475138121547,0.0055248618784530246
"(0.999, 2.9]","(5.8, 6.2]","(8.5, 9.7]","(2.999, 4.98]",50,0.0,1.0,0.0
"(0.999, 2.9]","(6.2, 6.6]","(8.5, 9.7]","(4.98, 5.53]",51,0.0,1.0,0.0
"(0.999, 2.9]","(6.2, 6.6]","(9.7, 11.1]","(2.999, 4.98]",71,0.0,1.0,0.0
"(0.999, 2.9]","(6.6, 7.1]","(7.4, 8.5]","(2.999, 4.98]",56,0.0,1.0,0.0
"(2.9, 3.5]","(7.7, 10.0]","(7.4, 8.5]","(2.999, 4.98]",71,0.0,1.0,0.0
"(0.999, 2.9]","(7.1, 7.7]","(9.7, 11.1]","(5.53, 5.96]",65,0.0,1.0,0.0
"(0.999, 2.9]","(7.1, 7.7]","(9.7, 11.1]","(4.98, 5.53]",94,0.0,1.0,0.0
"(0.999, 2.9]","(7.7, 10.0]","(6.1, 7.4]","(4.98, 5.53]",67,0.0,1.0,0.0
"(0.999, 2.9]","(6.6, 7.1]","(11.1, 18.0]","(2.999, 4.98]",104,0.0,1.0,0.0
"(0.999, 2.9]","(7.1, 7.7]","(6.1, 7.4]","(4.98, 5.53]",63,0.0,1.0,0.0
"(0.999, 2.9]","(7.1, 7.7]","(8.5, 9.7]","(4.98, 5.53]",87,0.0,1.0,0.0
